Estado - Sigla,Data da Coleta,Produto,Bandeira,Valor de Venda
SE,23/01/2023,DIESEL,PETROX DISTRIBUIDORA,6.24
SE,11/01/2023,GASOLINA ADITIVADA,VIBRA ENERGIA,5.23
SE,12/01/2023,DIESEL,BRANCA,6.09
SE,24/01/2023,DIESEL S10,BRANCA,6.1
SE,23/01/2023,GASOLINA,PETROX DISTRIBUIDORA,5.01
SE,24/01/2023,DIESEL S10,VIBRA ENERGIA,6.13
SE,18/01/2023,ETANOL,PETROX DISTRIBUIDORA,4.19
SE,11/01/2023,DIESEL S10,BRANCA,6.26
SE,11/01/2023,ETANOL,PETROX DISTRIBUIDORA,4.15
SE,18/01/2023,ETANOL,VIBRA ENERGIA,4.13
SE,23/01/2023,GASOLINA,BRANCA,4.95
SE,06/01/2023,GNV,PETROX DISTRIBUIDORA,5.09
SE,24/01/2023,ETANOL,VIBRA ENERGIA,3.9
SE,12/01/2023,ETANOL,VIBRA ENERGIA,3.9
SE,24/01/2023,ETANOL,BRANCA,3.93
SE,12/01/2023,GASOLINA ADITIVADA,RAIZEN,5.21
SE,11/01/2023,GNV,PETROX DISTRIBUIDORA,5.09
SE,23/01/2023,ETANOL,PETROX DISTRIBUIDORA,4.13
SE,05/01/2023,ETANOL,VIBRA ENERGIA,3.93
SE,23/01/2023,GNV,PETROX DISTRIBUIDORA,5.09
SE,23/01/2023,GASOLINA ADITIVADA,RAIZEN,5.25
SE,11/01/2023,GASOLINA ADITIVADA,BRANCA,5.2
SE,23/01/2023,ETANOL,RAIZEN,3.95
SE,23/01/2023,GASOLINA ADITIVADA,PETROX DISTRIBUIDORA,5.06
SE,16/01/2023,GASOLINA,PETROX DISTRIBUIDORA,5.05
SE,23/01/2023,DIESEL S10,BRANCA,6.1
SE,18/01/2023,GNV,VIBRA ENERGIA,5.11
SE,05/01/2023,ETANOL,BRANCA,3.97
SE,23/01/2023,GASOLINA ADITIVADA,VIBRA ENERGIA,5.1
SE,23/01/2023,GASOLINA ADITIVADA,BRANCA,4.94
SE,18/01/2023,GASOLINA,VIBRA ENERGIA,5.05
SE,18/01/2023,GNV,BRANCA,5.09
SE,23/01/2023,GASOLINA,RAIZEN,4.99
SE,12/01/2023,GASOLINA,VIBRA ENERGIA,4.97
SE,16/01/2023,GASOLINA ADITIVADA,VIBRA ENERGIA,5.06
SE,24/01/2023,GASOLINA ADITIVADA,BRANCA,4.95
SE,16/01/2023,DIESEL S10,PETROX DISTRIBUIDORA,6.14
SE,05/01/2023,GASOLINA,VIBRA ENERGIA,4.96
SE,23/01/2023,GNV,BRANCA,5.09
SE,05/01/2023,GNV,VIBRA ENERGIA,5.09
SE,16/01/2023,DIESEL,VIBRA ENERGIA,6.12
SE,05/01/2023,GASOLINA ADITIVADA,BRANCA,4.89
SE,06/01/2023,GASOLINA,PETROX DISTRIBUIDORA,5.19
SE,12/01/2023,DIESEL S10,BRANCA,6.15
SE,11/01/2023,GASOLINA ADITIVADA,PETROX DISTRIBUIDORA,5.19
SE,18/01/2023,DIESEL S10,BRANCA,6.15
SE,18/01/2023,DIESEL S10,PETROX DISTRIBUIDORA,6.59
SE,11/01/2023,GASOLINA,PETROX DISTRIBUIDORA,5.15
SE,18/01/2023,GASOLINA ADITIVADA,BRANCA,4.99
SE,12/01/2023,GASOLINA,BRANCA,4.96
SE,18/01/2023,ETANOL,RAIZEN,3.95
SE,23/01/2023,DIESEL,BRANCA,6.05
SE,18/01/2023,GASOLINA,BRANCA,4.99
SE,24/01/2023,GASOLINA,BRANCA,4.93
SE,11/01/2023,DIESEL,VIBRA ENERGIA,6.98
SE,11/01/2023,GASOLINA ADITIVADA,RAIZEN,5.35
SE,12/01/2023,GASOLINA ADITIVADA,VIBRA ENERGIA,5.02
SE,11/01/2023,ETANOL,VIBRA ENERGIA,4.15
SE,11/01/2023,GNV,VIBRA ENERGIA,5.09
SE,18/01/2023,ETANOL,BRANCA,4.05
SE,16/01/2023,DIESEL,BRANCA,6.1
SE,16/01/2023,GASOLINA,BRANCA,4.98
SE,16/01/2023,GASOLINA,VIBRA ENERGIA,5.0
SE,12/01/2023,DIESEL,VIBRA ENERGIA,6.09
SE,05/01/2023,GNV,BRANCA,5.09
SE,18/01/2023,GASOLINA ADITIVADA,RAIZEN,5.25
SE,18/01/2023,GASOLINA,PETROX DISTRIBUIDORA,5.13
SE,16/01/2023,DIESEL S10,BRANCA,6.14
SE,05/01/2023,DIESEL S10,VIBRA ENERGIA,6.56
SE,18/01/2023,GASOLINA ADITIVADA,VIBRA ENERGIA,5.16
SE,11/01/2023,GASOLINA,RAIZEN,5.09
SE,24/01/2023,DIESEL,VIBRA ENERGIA,6.09
SE,11/01/2023,DIESEL,PETROX DISTRIBUIDORA,6.19
SE,16/01/2023,GASOLINA ADITIVADA,BRANCA,4.98
SE,23/01/2023,DIESEL S10,PETROX DISTRIBUIDORA,6.44
SE,11/01/2023,GNV,BRANCA,5.09
SE,12/01/2023,ETANOL,RAIZEN,4.09
SE,18/01/2023,GNV,PETROX DISTRIBUIDORA,5.09
SE,05/01/2023,GASOLINA ADITIVADA,VIBRA ENERGIA,5.04
SE,11/01/2023,DIESEL,BRANCA,6.19
SE,24/01/2023,GASOLINA,VIBRA ENERGIA,4.94
SE,24/01/2023,DIESEL,BRANCA,6.02
SE,11/01/2023,ETANOL,BRANCA,4.09
SE,16/01/2023,GNV,VIBRA ENERGIA,5.09
SE,05/01/2023,DIESEL S10,BRANCA,6.15
SE,18/01/2023,GASOLINA,RAIZEN,4.99
SE,11/01/2023,DIESEL S10,VIBRA ENERGIA,6.84
SE,23/01/2023,GNV,VIBRA ENERGIA,5.1
SE,24/01/2023,GASOLINA ADITIVADA,VIBRA ENERGIA,5.0
SE,11/01/2023,DIESEL S10,PETROX DISTRIBUIDORA,6.45
SE,06/01/2023,ETANOL,PETROX DISTRIBUIDORA,4.19
SE,12/01/2023,ETANOL,BRANCA,3.85
SE,12/01/2023,GASOLINA,RAIZEN,4.95
SE,16/01/2023,ETANOL,BRANCA,3.87
SE,23/01/2023,ETANOL,VIBRA ENERGIA,4.09
SE,05/01/2023,GASOLINA,BRANCA,4.89
SE,18/01/2023,GASOLINA ADITIVADA,PETROX DISTRIBUIDORA,5.13
SE,06/01/2023,GASOLINA ADITIVADA,PETROX DISTRIBUIDORA,5.19
SE,16/01/2023,ETANOL,VIBRA ENERGIA,3.94
SE,16/01/2023,DIESEL,PETROX DISTRIBUIDORA,6.14
SE,12/01/2023,DIESEL S10,VIBRA ENERGIA,6.18
SE,11/01/2023,GASOLINA,VIBRA ENERGIA,5.14
SE,11/01/2023,GASOLINA,BRANCA,5.11
SE,11/01/2023,ETANOL,RAIZEN,3.95
SE,23/01/2023,GASOLINA,VIBRA ENERGIA,5.0
SE,16/01/2023,DIESEL S10,VIBRA ENERGIA,6.16
SE,16/01/2023,ETANOL,PETROX DISTRIBUIDORA,4.09
SE,23/01/2023,DIESEL S10,VIBRA ENERGIA,6.54
SE,18/01/2023,DIESEL S10,VIBRA ENERGIA,6.69
SE,23/01/2023,ETANOL,BRANCA,4.02
SE,12/01/2023,GASOLINA ADITIVADA,BRANCA,4.98
SE,23/01/2023,DIESEL,VIBRA ENERGIA,6.05
SE,08/02/2023,GNV,PETROX DISTRIBUIDORA,4.77
SE,15/02/2023,DIESEL,BRANCA,5.59
SE,08/02/2023,GASOLINA,BRANCA,5.11
SE,21/02/2023,GASOLINA ADITIVADA,RAIZEN,5.38
SE,21/02/2023,GNV,BRANCA,4.77
SE,30/01/2023,GASOLINA ADITIVADA,PETROX DISTRIBUIDORA,5.19
SE,30/01/2023,GNV,VIBRA ENERGIA,5.09
SE,21/02/2023,ETANOL,BRANCA,3.97
SE,08/02/2023,DIESEL S10,PETROX DISTRIBUIDORA,6.24
SE,31/01/2023,GASOLINA ADITIVADA,BRANCA,5.05
SE,08/02/2023,GASOLINA ADITIVADA,PETROX DISTRIBUIDORA,5.15
SE,08/02/2023,DIESEL,BRANCA,5.88
SE,23/02/2023,ETANOL,BRANCA,4.02
SE,30/01/2023,ETANOL,BRANCA,4.11
SE,31/01/2023,DIESEL,BRANCA,6.13
SE,07/02/2023,DIESEL S10,BRANCA,5.97
SE,07/02/2023,GASOLINA ADITIVADA,BRANCA,5.01
SE,15/02/2023,GASOLINA ADITIVADA,PETROX DISTRIBUIDORA,5.05
SE,23/02/2023,GASOLINA ADITIVADA,VIBRA ENERGIA,5.04
SE,07/02/2023,GASOLINA ADITIVADA,VIBRA ENERGIA,5.04
SE,30/01/2023,GNV,PETROX DISTRIBUIDORA,5.09
SE,23/02/2023,DIESEL S10,BRANCA,5.57
SE,30/01/2023,DIESEL,PETROX DISTRIBUIDORA,6.38
SE,07/02/2023,GASOLINA,BRANCA,4.98
SE,21/02/2023,GASOLINA,VIBRA ENERGIA,5.21
SE,21/02/2023,ETANOL,RAIZEN,4.18
SE,08/02/2023,GASOLINA,PETROX DISTRIBUIDORA,5.1
SE,14/02/2023,DIESEL,VIBRA ENERGIA,5.39
SE,21/02/2023,GASOLINA ADITIVADA,VIBRA ENERGIA,5.33
SE,21/02/2023,GASOLINA ADITIVADA,PETROX DISTRIBUIDORA,5.29
SE,15/02/2023,GASOLINA,RAIZEN,4.95
SE,30/01/2023,DIESEL S10,PETROX DISTRIBUIDORA,6.51
SE,15/02/2023,GNV,VIBRA ENERGIA,4.77
SE,14/02/2023,GASOLINA,RAIZEN,4.95
SE,31/01/2023,GASOLINA,VIBRA ENERGIA,5.04
SE,15/02/2023,GNV,BRANCA,4.77
SE,08/02/2023,GASOLINA,RAIZEN,5.08
SE,08/02/2023,GASOLINA ADITIVADA,BRANCA,5.34
SE,15/02/2023,GASOLINA ADITIVADA,BRANCA,5.06
SE,14/02/2023,GASOLINA ADITIVADA,BRANCA,4.97
SE,07/02/2023,DIESEL S10,VIBRA ENERGIA,6.0
SE,07/02/2023,DIESEL,BRANCA,5.88
SE,15/02/2023,ETANOL,VIBRA ENERGIA,4.06
SE,08/02/2023,GASOLINA,VIBRA ENERGIA,5.1
SE,30/01/2023,GASOLINA ADITIVADA,BRANCA,5.19
SE,30/01/2023,GASOLINA,RAIZEN,5.16
SE,21/02/2023,DIESEL S10,PETROX DISTRIBUIDORA,6.09
SE,15/02/2023,DIESEL S10,PETROX DISTRIBUIDORA,6.09
SE,15/02/2023,GASOLINA ADITIVADA,VIBRA ENERGIA,5.07
SE,21/02/2023,DIESEL,VIBRA ENERGIA,6.02
SE,31/01/2023,ETANOL,RAIZEN,4.19
SE,08/02/2023,GASOLINA ADITIVADA,VIBRA ENERGIA,5.19
SE,31/01/2023,GASOLINA,BRANCA,5.03
SE,30/01/2023,DIESEL S10,VIBRA ENERGIA,6.68
SE,21/02/2023,GASOLINA,RAIZEN,5.12
SE,23/02/2023,ETANOL,VIBRA ENERGIA,3.95
SE,31/01/2023,GASOLINA,RAIZEN,5.14
SE,21/02/2023,ETANOL,PETROX DISTRIBUIDORA,4.01
SE,15/02/2023,ETANOL,PETROX DISTRIBUIDORA,4.01
SE,15/02/2023,GASOLINA,VIBRA ENERGIA,4.98
SE,21/02/2023,GASOLINA,BRANCA,5.1
SE,31/01/2023,ETANOL,BRANCA,3.99
SE,15/02/2023,ETANOL,BRANCA,3.98
SE,15/02/2023,DIESEL,VIBRA ENERGIA,6.02
SE,14/02/2023,DIESEL S10,BRANCA,5.49
SE,30/01/2023,DIESEL S10,BRANCA,6.16
SE,21/02/2023,GASOLINA,PETROX DISTRIBUIDORA,5.24
SE,30/01/2023,ETANOL,VIBRA ENERGIA,4.1
SE,08/02/2023,DIESEL,VIBRA ENERGIA,6.17
SE,15/02/2023,ETANOL,RAIZEN,4.18
SE,14/02/2023,DIESEL,BRANCA,5.39
SE,23/02/2023,GASOLINA ADITIVADA,BRANCA,5.01
SE,23/02/2023,GASOLINA,BRANCA,4.99
SE,07/02/2023,ETANOL,VIBRA ENERGIA,3.95
SE,08/02/2023,DIESEL S10,BRANCA,6.11
SE,30/01/2023,DIESEL,BRANCA,6.13
SE,14/02/2023,GASOLINA,VIBRA ENERGIA,4.94
SE,08/02/2023,ETANOL,PETROX DISTRIBUIDORA,4.19
SE,21/02/2023,DIESEL S10,BRANCA,5.83
SE,15/02/2023,DIESEL S10,BRANCA,5.61
SE,15/02/2023,GASOLINA,PETROX DISTRIBUIDORA,5.0
SE,30/01/2023,GNV,BRANCA,5.11
SE,08/02/2023,ETANOL,BRANCA,4.26
SE,23/02/2023,DIESEL,VIBRA ENERGIA,5.54
SE,08/02/2023,GNV,VIBRA ENERGIA,4.77
SE,08/02/2023,GASOLINA ADITIVADA,RAIZEN,5.34
SE,14/02/2023,GASOLINA,BRANCA,4.95
SE,23/02/2023,DIESEL,BRANCA,5.54
SE,08/02/2023,ETANOL,RAIZEN,4.18
SE,31/01/2023,DIESEL,VIBRA ENERGIA,6.15
SE,14/02/2023,ETANOL,VIBRA ENERGIA,3.93
SE,15/02/2023,GNV,PETROX DISTRIBUIDORA,4.77
SE,31/01/2023,DIESEL S10,BRANCA,6.16
SE,07/02/2023,GASOLINA,VIBRA ENERGIA,4.98
SE,21/02/2023,DIESEL S10,VIBRA ENERGIA,6.08
SE,07/02/2023,DIESEL,VIBRA ENERGIA,5.89
SE,14/02/2023,ETANOL,RAIZEN,3.99
SE,30/01/2023,GASOLINA,PETROX DISTRIBUIDORA,5.15
SE,30/01/2023,GASOLINA ADITIVADA,VIBRA ENERGIA,5.22
SE,30/01/2023,ETANOL,RAIZEN,4.18
SE,15/02/2023,GASOLINA ADITIVADA,RAIZEN,5.21
SE,14/02/2023,ETANOL,BRANCA,4.02
SE,31/01/2023,ETANOL,VIBRA ENERGIA,3.93
SE,08/02/2023,DIESEL S10,VIBRA ENERGIA,6.52
SE,30/01/2023,GASOLINA,BRANCA,5.11
SE,15/02/2023,DIESEL S10,VIBRA ENERGIA,6.15
SE,21/02/2023,GASOLINA ADITIVADA,BRANCA,5.18
SE,30/01/2023,GASOLINA,VIBRA ENERGIA,5.13
SE,07/02/2023,ETANOL,BRANCA,4.03
SE,31/01/2023,GASOLINA ADITIVADA,RAIZEN,5.4
SE,15/02/2023,GASOLINA,BRANCA,4.98
SE,08/02/2023,ETANOL,VIBRA ENERGIA,4.09
SE,14/02/2023,GASOLINA ADITIVADA,VIBRA ENERGIA,5.0
SE,23/02/2023,GASOLINA,VIBRA ENERGIA,4.99
SE,31/01/2023,GASOLINA ADITIVADA,VIBRA ENERGIA,5.09
SE,14/02/2023,GASOLINA ADITIVADA,RAIZEN,5.21
SE,21/02/2023,ETANOL,VIBRA ENERGIA,4.06
SE,30/01/2023,GASOLINA ADITIVADA,RAIZEN,5.42
SE,15/02/2023,DIESEL,PETROX DISTRIBUIDORA,5.49
SE,08/02/2023,DIESEL,PETROX DISTRIBUIDORA,5.84
SE,21/02/2023,DIESEL,PETROX DISTRIBUIDORA,5.52
SE,14/02/2023,DIESEL S10,VIBRA ENERGIA,5.51
SE,30/01/2023,ETANOL,PETROX DISTRIBUIDORA,4.23
SE,31/01/2023,DIESEL S10,VIBRA ENERGIA,6.18
SE,30/01/2023,DIESEL,VIBRA ENERGIA,6.41
SE,23/02/2023,DIESEL S10,VIBRA ENERGIA,5.58
SE,07/03/2023,DIESEL,VIBRA ENERGIA,5.69
SE,07/03/2023,DIESEL,BRANCA,5.77
SE,16/03/2023,DIESEL S10,BRANCA,5.62
SE,28/02/2023,DIESEL,PETROX DISTRIBUIDORA,5.99
SE,27/02/2023,GASOLINA,RAIZEN,4.93
SE,08/03/2023,DIESEL S10,VIBRA ENERGIA,5.62
SE,23/02/2023,GASOLINA,RAIZEN,5.12
SE,07/03/2023,GNV,VIBRA ENERGIA,4.77
SE,15/03/2023,GASOLINA,VIBRA ENERGIA,5.31
SE,15/03/2023,DIESEL S10,BRANCA,5.62
SE,28/02/2023,DIESEL S10,BRANCA,5.65
SE,21/02/2023,DIESEL,BRANCA,5.59
SE,07/03/2023,ETANOL,RAIZEN,4.09
SE,07/03/2023,GASOLINA,PETROX DISTRIBUIDORA,5.47
SE,08/03/2023,DIESEL S10,BRANCA,5.61
SE,15/03/2023,GASOLINA,PETROX DISTRIBUIDORA,5.34
SE,28/02/2023,DIESEL,BRANCA,5.59
SE,07/03/2023,ETANOL,PETROX DISTRIBUIDORA,4.17
SE,15/03/2023,DIESEL S10,VIBRA ENERGIA,5.62
SE,21/02/2023,GNV,VIBRA ENERGIA,4.77
SE,16/03/2023,ETANOL,BRANCA,4.03
SE,23/02/2023,GASOLINA ADITIVADA,RAIZEN,5.38
SE,15/03/2023,DIESEL,VIBRA ENERGIA,5.48
SE,07/03/2023,DIESEL S10,BRANCA,5.84
SE,27/02/2023,DIESEL,BRANCA,5.44
SE,28/02/2023,GASOLINA ADITIVADA,BRANCA,5.15
SE,15/03/2023,ETANOL,BRANCA,4.05
SE,28/02/2023,GASOLINA,PETROX DISTRIBUIDORA,5.09
SE,16/03/2023,GNV,VIBRA ENERGIA,4.77
SE,28/02/2023,GASOLINA,BRANCA,5.06
SE,28/02/2023,GNV,PETROX DISTRIBUIDORA,4.77
SE,21/02/2023,GNV,PETROX DISTRIBUIDORA,4.77
SE,27/02/2023,ETANOL,BRANCA,4.02
SE,23/02/2023,ETANOL,RAIZEN,3.99
SE,08/03/2023,GASOLINA,BRANCA,5.33
SE,07/03/2023,GNV,PETROX DISTRIBUIDORA,4.77
SE,16/03/2023,DIESEL,VIBRA ENERGIA,5.59
SE,08/03/2023,ETANOL,BRANCA,4.05
SE,16/03/2023,GASOLINA ADITIVADA,RAIZEN,5.6
SE,28/02/2023,ETANOL,VIBRA ENERGIA,4.08
SE,07/03/2023,DIESEL S10,PETROX DISTRIBUIDORA,6.11
SE,27/02/2023,GASOLINA,VIBRA ENERGIA,4.95
SE,07/03/2023,GNV,BRANCA,4.77
SE,20/02/2023,ETANOL,BRANCA,3.99
SE,16/03/2023,GASOLINA,PETROX DISTRIBUIDORA,5.49
SE,27/02/2023,GASOLINA ADITIVADA,VIBRA ENERGIA,5.0
SE,27/02/2023,GASOLINA,BRANCA,4.93
SE,15/03/2023,GASOLINA ADITIVADA,VIBRA ENERGIA,5.34
SE,27/02/2023,DIESEL S10,BRANCA,5.5
SE,07/03/2023,GASOLINA,RAIZEN,5.39
SE,07/03/2023,DIESEL,PETROX DISTRIBUIDORA,6.09
SE,07/03/2023,GASOLINA,VIBRA ENERGIA,5.4
SE,20/02/2023,GASOLINA,VIBRA ENERGIA,5.25
SE,20/02/2023,DIESEL S10,BRANCA,5.99
SE,28/02/2023,GASOLINA,VIBRA ENERGIA,5.07
SE,07/03/2023,DIESEL S10,VIBRA ENERGIA,6.06
SE,15/03/2023,GASOLINA,BRANCA,5.33
SE,16/03/2023,DIESEL S10,PETROX DISTRIBUIDORA,6.09
SE,28/02/2023,DIESEL S10,VIBRA ENERGIA,5.88
SE,15/03/2023,DIESEL S10,PETROX DISTRIBUIDORA,6.14
SE,08/03/2023,GASOLINA ADITIVADA,BRANCA,5.38
SE,07/03/2023,GASOLINA ADITIVADA,PETROX DISTRIBUIDORA,5.52
SE,27/02/2023,ETANOL,RAIZEN,3.99
SE,28/02/2023,GNV,BRANCA,4.77
SE,16/03/2023,GASOLINA ADITIVADA,BRANCA,5.42
SE,16/03/2023,GASOLINA ADITIVADA,VIBRA ENERGIA,5.47
SE,16/03/2023,GASOLINA,RAIZEN,5.34
SE,16/03/2023,ETANOL,VIBRA ENERGIA,4.2
SE,28/02/2023,DIESEL S10,PETROX DISTRIBUIDORA,6.09
SE,15/03/2023,DIESEL,PETROX DISTRIBUIDORA,6.04
SE,07/03/2023,GASOLINA ADITIVADA,RAIZEN,5.65
SE,08/03/2023,GASOLINA ADITIVADA,VIBRA ENERGIA,5.39
SE,28/02/2023,ETANOL,PETROX DISTRIBUIDORA,3.99
SE,07/03/2023,GASOLINA ADITIVADA,BRANCA,5.5
SE,08/03/2023,DIESEL,BRANCA,5.5
SE,15/03/2023,ETANOL,VIBRA ENERGIA,4.04
SE,16/03/2023,ETANOL,RAIZEN,4.09
SE,15/03/2023,GNV,VIBRA ENERGIA,4.77
SE,28/02/2023,ETANOL,RAIZEN,3.99
SE,16/03/2023,GNV,PETROX DISTRIBUIDORA,4.77
SE,20/02/2023,GASOLINA,BRANCA,5.29
SE,27/02/2023,ETANOL,VIBRA ENERGIA,3.95
SE,16/03/2023,GASOLINA,VIBRA ENERGIA,5.36
SE,28/02/2023,GASOLINA,RAIZEN,5.03
SE,28/02/2023,ETANOL,BRANCA,3.97
SE,16/03/2023,GASOLINA,BRANCA,5.36
SE,28/02/2023,GNV,VIBRA ENERGIA,4.77
SE,07/03/2023,ETANOL,BRANCA,4.12
SE,20/02/2023,DIESEL S10,VIBRA ENERGIA,6.39
SE,08/03/2023,GASOLINA,VIBRA ENERGIA,5.33
SE,15/03/2023,DIESEL,BRANCA,5.53
SE,15/03/2023,GASOLINA ADITIVADA,BRANCA,5.35
SE,20/02/2023,GASOLINA ADITIVADA,BRANCA,5.49
SE,28/02/2023,GASOLINA ADITIVADA,RAIZEN,5.29
SE,27/02/2023,DIESEL S10,VIBRA ENERGIA,5.52
SE,20/02/2023,GASOLINA ADITIVADA,VIBRA ENERGIA,5.29
SE,28/02/2023,GASOLINA ADITIVADA,PETROX DISTRIBUIDORA,5.13
SE,16/03/2023,GASOLINA ADITIVADA,PETROX DISTRIBUIDORA,5.49
SE,27/02/2023,GASOLINA ADITIVADA,BRANCA,4.95
SE,07/03/2023,GASOLINA,BRANCA,5.43
SE,28/02/2023,DIESEL,VIBRA ENERGIA,5.49
SE,28/02/2023,GASOLINA ADITIVADA,VIBRA ENERGIA,5.17
SE,16/03/2023,GNV,BRANCA,4.77
SE,07/03/2023,GASOLINA ADITIVADA,VIBRA ENERGIA,5.49
SE,27/02/2023,DIESEL,VIBRA ENERGIA,5.43
SE,15/03/2023,ETANOL,PETROX DISTRIBUIDORA,4.09
SE,16/03/2023,ETANOL,PETROX DISTRIBUIDORA,4.19
SE,07/03/2023,ETANOL,VIBRA ENERGIA,4.22
SE,08/03/2023,ETANOL,VIBRA ENERGIA,4.01
SE,27/02/2023,GASOLINA ADITIVADA,RAIZEN,5.19
SE,16/03/2023,DIESEL S10,VIBRA ENERGIA,5.96
SE,08/03/2023,DIESEL,VIBRA ENERGIA,5.48
SE,22/03/2023,DIESEL S10,BRANCA,5.63
SE,29/03/2023,ETANOL,RAIZEN,4.09
SE,21/03/2023,ETANOL,VIBRA ENERGIA,4.24
SE,21/03/2023,GASOLINA,RAIZEN,5.34
SE,11/04/2023,ETANOL,VIBRA ENERGIA,4.15
SE,11/04/2023,DIESEL,VIBRA ENERGIA,5.63
SE,21/03/2023,DIESEL S10,VIBRA ENERGIA,6.69
SE,21/03/2023,ETANOL,BRANCA,4.19
SE,05/04/2023,DIESEL S10,VIBRA ENERGIA,5.62
SE,21/03/2023,GASOLINA,PETROX DISTRIBUIDORA,5.69
SE,28/03/2023,DIESEL S10,BRANCA,5.6
SE,13/04/2023,ETANOL,BRANCA,4.29
SE,28/03/2023,ETANOL,BRANCA,4.0
SE,06/04/2023,GASOLINA ADITIVADA,VIBRA ENERGIA,5.57
SE,28/03/2023,DIESEL S10,VIBRA ENERGIA,5.66
SE,29/03/2023,DIESEL,VIBRA ENERGIA,6.02
SE,13/04/2023,GASOLINA ADITIVADA,PETROX DISTRIBUIDORA,5.54
SE,23/03/2023,ETANOL,BRANCA,4.03
SE,22/03/2023,DIESEL S10,PETROX DISTRIBUIDORA,6.17
SE,05/04/2023,DIESEL S10,BRANCA,5.62
SE,12/04/2023,ETANOL,RAIZEN,4.19
SE,22/03/2023,GASOLINA ADITIVADA,BRANCA,5.49
SE,06/04/2023,ETANOL,RAIZEN,4.19
SE,22/03/2023,GASOLINA,PETROX DISTRIBUIDORA,5.68
SE,13/04/2023,DIESEL,VIBRA ENERGIA,5.49
SE,29/03/2023,DIESEL S10,VIBRA ENERGIA,6.11
SE,28/03/2023,GASOLINA,VIBRA ENERGIA,5.32
SE,29/03/2023,GASOLINA ADITIVADA,RAIZEN,5.85
SE,21/03/2023,DIESEL S10,BRANCA,5.99
SE,23/03/2023,GASOLINA,BRANCA,5.3
SE,22/03/2023,DIESEL,VIBRA ENERGIA,5.69
SE,23/03/2023,GASOLINA ADITIVADA,RAIZEN,5.56
SE,06/04/2023,GASOLINA,BRANCA,5.47
SE,23/03/2023,DIESEL,VIBRA ENERGIA,5.59
SE,23/03/2023,GASOLINA,VIBRA ENERGIA,5.34
SE,06/04/2023,GASOLINA ADITIVADA,RAIZEN,5.75
SE,06/04/2023,ETANOL,BRANCA,4.22
SE,29/03/2023,GASOLINA,BRANCA,5.45
SE,05/04/2023,GASOLINA,VIBRA ENERGIA,5.34
SE,11/04/2023,GASOLINA,BRANCA,5.32
SE,05/04/2023,ETANOL,PETROX DISTRIBUIDORA,4.19
SE,22/03/2023,GASOLINA ADITIVADA,VIBRA ENERGIA,5.74
SE,21/03/2023,GNV,PETROX DISTRIBUIDORA,4.77
SE,11/04/2023,GASOLINA ADITIVADA,VIBRA ENERGIA,5.4
SE,05/04/2023,ETANOL,VIBRA ENERGIA,4.04
SE,21/03/2023,GASOLINA,BRANCA,5.39
SE,05/04/2023,ETANOL,BRANCA,4.05
SE,21/03/2023,GASOLINA ADITIVADA,VIBRA ENERGIA,5.77
SE,28/03/2023,GASOLINA ADITIVADA,BRANCA,5.33
SE,29/03/2023,GNV,VIBRA ENERGIA,4.77
SE,13/04/2023,GNV,BRANCA,4.77
SE,21/03/2023,ETANOL,RAIZEN,4.09
SE,29/03/2023,ETANOL,VIBRA ENERGIA,4.24
SE,29/03/2023,GNV,PETROX DISTRIBUIDORA,4.77
SE,05/04/2023,DIESEL,VIBRA ENERGIA,5.48
SE,21/03/2023,GASOLINA ADITIVADA,RAIZEN,5.6
SE,13/04/2023,GASOLINA,PETROX DISTRIBUIDORA,5.54
SE,11/04/2023,ETANOL,BRANCA,4.17
SE,13/04/2023,GASOLINA,BRANCA,5.54
SE,22/03/2023,DIESEL,PETROX DISTRIBUIDORA,5.99
SE,13/04/2023,ETANOL,VIBRA ENERGIA,4.19
SE,05/04/2023,DIESEL S10,PETROX DISTRIBUIDORA,5.94
SE,22/03/2023,GASOLINA,VIBRA ENERGIA,5.67
SE,29/03/2023,GASOLINA,PETROX DISTRIBUIDORA,5.55
SE,06/04/2023,GASOLINA,RAIZEN,5.49
SE,05/04/2023,GNV,VIBRA ENERGIA,4.77
SE,13/04/2023,GASOLINA ADITIVADA,BRANCA,5.59
SE,28/03/2023,ETANOL,VIBRA ENERGIA,4.06
SE,05/04/2023,GASOLINA ADITIVADA,VIBRA ENERGIA,5.38
SE,22/03/2023,GASOLINA ADITIVADA,PETROX DISTRIBUIDORA,5.69
SE,06/04/2023,DIESEL,VIBRA ENERGIA,5.49
SE,28/03/2023,GASOLINA ADITIVADA,RAIZEN,5.56
SE,13/04/2023,ETANOL,PETROX DISTRIBUIDORA,4.29
SE,22/03/2023,ETANOL,PETROX DISTRIBUIDORA,4.24
SE,05/04/2023,DIESEL,BRANCA,5.53
SE,06/04/2023,ETANOL,PETROX DISTRIBUIDORA,4.29
SE,05/04/2023,GASOLINA,PETROX DISTRIBUIDORA,5.45
SE,06/04/2023,GASOLINA ADITIVADA,PETROX DISTRIBUIDORA,5.52
SE,11/04/2023,GASOLINA,VIBRA ENERGIA,5.34
SE,23/03/2023,GASOLINA ADITIVADA,VIBRA ENERGIA,5.39
SE,12/04/2023,GASOLINA ADITIVADA,VIBRA ENERGIA,5.55
SE,11/04/2023,DIESEL S10,VIBRA ENERGIA,5.71
SE,21/03/2023,GNV,VIBRA ENERGIA,4.77
SE,23/03/2023,GASOLINA ADITIVADA,BRANCA,5.33
SE,06/04/2023,GNV,BRANCA,4.77
SE,12/04/2023,ETANOL,VIBRA ENERGIA,4.26
SE,06/04/2023,GASOLINA ADITIVADA,BRANCA,5.56
SE,11/04/2023,DIESEL,PETROX DISTRIBUIDORA,5.54
SE,22/03/2023,GNV,BRANCA,4.77
SE,29/03/2023,DIESEL S10,PETROX DISTRIBUIDORA,6.11
SE,11/04/2023,DIESEL,BRANCA,5.51
SE,06/04/2023,GNV,VIBRA ENERGIA,4.77
SE,22/03/2023,GASOLINA,BRANCA,5.6
SE,28/03/2023,GASOLINA ADITIVADA,VIBRA ENERGIA,5.38
SE,21/03/2023,GASOLINA ADITIVADA,PETROX DISTRIBUIDORA,5.69
SE,29/03/2023,ETANOL,PETROX DISTRIBUIDORA,4.23
SE,12/04/2023,DIESEL S10,VIBRA ENERGIA,6.34
SE,06/04/2023,GNV,PETROX DISTRIBUIDORA,4.77
SE,11/04/2023,ETANOL,PETROX DISTRIBUIDORA,4.19
SE,29/03/2023,DIESEL,PETROX DISTRIBUIDORA,5.89
SE,28/03/2023,GASOLINA,RAIZEN,5.3
SE,23/03/2023,ETANOL,RAIZEN,4.09
SE,12/04/2023,GASOLINA,VIBRA ENERGIA,5.45
SE,13/04/2023,DIESEL S10,PETROX DISTRIBUIDORA,6.24
SE,13/04/2023,GASOLINA,VIBRA ENERGIA,5.39
SE,11/04/2023,DIESEL S10,PETROX DISTRIBUIDORA,5.59
SE,13/04/2023,DIESEL S10,VIBRA ENERGIA,5.57
SE,11/04/2023,GASOLINA,PETROX DISTRIBUIDORA,5.45
SE,23/03/2023,ETANOL,VIBRA ENERGIA,4.06
SE,29/03/2023,GNV,BRANCA,4.77
SE,23/03/2023,DIESEL S10,VIBRA ENERGIA,5.68
SE,22/03/2023,DIESEL S10,VIBRA ENERGIA,5.99
SE,29/03/2023,DIESEL,BRANCA,5.52
SE,06/04/2023,DIESEL S10,BRANCA,5.74
SE,28/03/2023,DIESEL,BRANCA,5.49
SE,06/04/2023,GASOLINA,VIBRA ENERGIA,5.47
SE,12/04/2023,GASOLINA ADITIVADA,RAIZEN,5.75
SE,22/03/2023,ETANOL,VIBRA ENERGIA,4.32
SE,22/03/2023,ETANOL,BRANCA,4.14
SE,29/03/2023,GASOLINA,VIBRA ENERGIA,5.48
SE,28/03/2023,GASOLINA,BRANCA,5.3
SE,29/03/2023,DIESEL S10,BRANCA,5.72
SE,21/03/2023,GASOLINA,VIBRA ENERGIA,5.6
SE,23/03/2023,DIESEL,BRANCA,5.49
SE,29/03/2023,GASOLINA ADITIVADA,PETROX DISTRIBUIDORA,5.62
SE,05/04/2023,DIESEL,PETROX DISTRIBUIDORA,5.92
SE,23/03/2023,GASOLINA,RAIZEN,5.3
SE,06/04/2023,DIESEL S10,VIBRA ENERGIA,6.11
SE,12/04/2023,GASOLINA,RAIZEN,5.49
SE,21/03/2023,GASOLINA ADITIVADA,BRANCA,5.59
SE,11/04/2023,DIESEL S10,BRANCA,5.61
SE,22/03/2023,GNV,VIBRA ENERGIA,4.77
SE,21/03/2023,ETANOL,PETROX DISTRIBUIDORA,4.29
SE,29/03/2023,ETANOL,BRANCA,4.18
SE,11/04/2023,GASOLINA ADITIVADA,BRANCA,5.33
SE,28/03/2023,DIESEL,VIBRA ENERGIA,5.48
SE,29/03/2023,GASOLINA ADITIVADA,BRANCA,5.51
SE,06/04/2023,ETANOL,VIBRA ENERGIA,4.3
SE,29/03/2023,GASOLINA ADITIVADA,VIBRA ENERGIA,5.58
SE,28/03/2023,ETANOL,RAIZEN,4.19
SE,06/04/2023,GASOLINA,PETROX DISTRIBUIDORA,5.52
SE,05/04/2023,GASOLINA ADITIVADA,BRANCA,5.35
SE,29/03/2023,GASOLINA,RAIZEN,5.59
SE,13/04/2023,GASOLINA ADITIVADA,VIBRA ENERGIA,5.44
SE,05/04/2023,GASOLINA,BRANCA,5.34
SE,23/03/2023,DIESEL S10,BRANCA,5.6
SE,06/04/2023,DIESEL S10,PETROX DISTRIBUIDORA,6.29
SE,22/03/2023,DIESEL,BRANCA,5.67
SE,19/04/2023,GASOLINA,BRANCA,5.3
SE,19/04/2023,DIESEL,BRANCA,5.37
SE,19/04/2023,GASOLINA ADITIVADA,VIBRA ENERGIA,5.37
SE,19/04/2023,DIESEL,VIBRA ENERGIA,5.34
SE,17/04/2023,GASOLINA ADITIVADA,BRANCA,5.59
SE,17/04/2023,DIESEL S10,VIBRA ENERGIA,6.39
SE,26/04/2023,ETANOL,PETROX DISTRIBUIDORA,4.19
SE,27/04/2023,ETANOL,RAIZEN,4.39
SE,18/04/2023,GNV,VIBRA ENERGIA,4.77
SE,27/04/2023,GASOLINA,RAIZEN,5.39
SE,11/04/2023,GASOLINA ADITIVADA,RAIZEN,5.56
SE,18/04/2023,ETANOL,PETROX DISTRIBUIDORA,4.24
SE,04/05/2023,GNV,BRANCA,4.77
SE,27/04/2023,ETANOL,VIBRA ENERGIA,4.27
SE,18/04/2023,GASOLINA,BRANCA,5.43
SE,18/04/2023,DIESEL,VIBRA ENERGIA,5.69
SE,03/05/2023,GASOLINA ADITIVADA,RAIZEN,5.65
SE,04/05/2023,GASOLINA ADITIVADA,BRANCA,5.29
SE,26/04/2023,GASOLINA,BRANCA,5.32
SE,26/04/2023,ETANOL,VIBRA ENERGIA,4.1
SE,04/05/2023,DIESEL S10,PETROX DISTRIBUIDORA,5.62
SE,26/04/2023,DIESEL,PETROX DISTRIBUIDORA,5.74
SE,18/04/2023,DIESEL S10,PETROX DISTRIBUIDORA,6.09
SE,04/05/2023,DIESEL S10,VIBRA ENERGIA,5.18
SE,17/04/2023,DIESEL S10,BRANCA,6.19
SE,17/04/2023,GASOLINA ADITIVADA,PETROX DISTRIBUIDORA,5.47
SE,17/04/2023,GASOLINA,RAIZEN,5.44
SE,04/05/2023,ETANOL,BRANCA,4.23
SE,17/04/2023,ETANOL,RAIZEN,4.39
SE,11/04/2023,GASOLINA,RAIZEN,5.3
SE,04/05/2023,GASOLINA,PETROX DISTRIBUIDORA,5.32
SE,03/05/2023,ETANOL,RAIZEN,4.19
SE,04/05/2023,ETANOL,PETROX DISTRIBUIDORA,4.24
SE,27/04/2023,ETANOL,BRANCA,4.18
SE,04/05/2023,ETANOL,VIBRA ENERGIA,4.19
SE,18/04/2023,DIESEL,PETROX DISTRIBUIDORA,5.84
SE,27/04/2023,DIESEL,VIBRA ENERGIA,5.29
SE,12/04/2023,GASOLINA,PETROX DISTRIBUIDORA,5.47
SE,27/04/2023,GASOLINA ADITIVADA,PETROX DISTRIBUIDORA,5.46
SE,27/04/2023,GASOLINA ADITIVADA,VIBRA ENERGIA,5.43
SE,27/04/2023,DIESEL S10,BRANCA,5.5
SE,18/04/2023,GNV,BRANCA,4.77
SE,03/05/2023,GASOLINA,RAIZEN,5.39
SE,19/04/2023,ETANOL,VIBRA ENERGIA,4.08
SE,04/05/2023,GASOLINA ADITIVADA,VIBRA ENERGIA,5.34
SE,18/04/2023,DIESEL S10,BRANCA,5.6
SE,26/04/2023,DIESEL,BRANCA,5.36
SE,17/04/2023,GNV,PETROX DISTRIBUIDORA,4.77
SE,27/04/2023,DIESEL S10,PETROX DISTRIBUIDORA,6.19
SE,18/04/2023,GASOLINA ADITIVADA,PETROX DISTRIBUIDORA,5.54
SE,11/04/2023,GNV,VIBRA ENERGIA,4.77
SE,18/04/2023,ETANOL,VIBRA ENERGIA,4.29
SE,19/04/2023,DIESEL S10,BRANCA,5.53
SE,19/04/2023,DIESEL S10,VIBRA ENERGIA,5.59
SE,17/04/2023,ETANOL,BRANCA,4.29
SE,26/04/2023,DIESEL S10,PETROX DISTRIBUIDORA,5.89
SE,27/04/2023,DIESEL S10,VIBRA ENERGIA,5.93
SE,18/04/2023,GASOLINA ADITIVADA,VIBRA ENERGIA,5.5
SE,12/04/2023,GNV,VIBRA ENERGIA,4.77
SE,26/04/2023,DIESEL S10,VIBRA ENERGIA,5.51
SE,27/04/2023,GNV,VIBRA ENERGIA,4.77
SE,03/05/2023,ETANOL,VIBRA ENERGIA,4.32
SE,12/04/2023,ETANOL,PETROX DISTRIBUIDORA,4.29
SE,18/04/2023,ETANOL,BRANCA,4.2
SE,17/04/2023,GASOLINA,PETROX DISTRIBUIDORA,5.47
SE,18/04/2023,DIESEL,BRANCA,5.62
SE,26/04/2023,DIESEL S10,BRANCA,5.52
SE,27/04/2023,GASOLINA ADITIVADA,BRANCA,5.4
SE,04/05/2023,GASOLINA,VIBRA ENERGIA,5.26
SE,04/05/2023,DIESEL,BRANCA,5.03
SE,04/05/2023,GASOLINA ADITIVADA,PETROX DISTRIBUIDORA,5.39
SE,03/05/2023,GASOLINA ADITIVADA,VIBRA ENERGIA,5.43
SE,27/04/2023,GASOLINA,PETROX DISTRIBUIDORA,5.46
SE,27/04/2023,GASOLINA,BRANCA,5.34
SE,17/04/2023,GNV,VIBRA ENERGIA,4.77
SE,17/04/2023,GASOLINA,VIBRA ENERGIA,5.41
SE,17/04/2023,GASOLINA ADITIVADA,RAIZEN,5.7
SE,26/04/2023,GNV,VIBRA ENERGIA,4.47
SE,27/04/2023,GASOLINA ADITIVADA,RAIZEN,5.65
SE,19/04/2023,ETANOL,BRANCA,4.23
SE,26/04/2023,GASOLINA ADITIVADA,VIBRA ENERGIA,5.33
SE,18/04/2023,GASOLINA ADITIVADA,BRANCA,5.45
SE,26/04/2023,DIESEL,VIBRA ENERGIA,5.34
SE,26/04/2023,GASOLINA,VIBRA ENERGIA,5.31
SE,03/05/2023,GASOLINA,VIBRA ENERGIA,5.31
SE,04/05/2023,DIESEL,VIBRA ENERGIA,5.04
SE,26/04/2023,GASOLINA ADITIVADA,BRANCA,5.35
SE,18/04/2023,GASOLINA,VIBRA ENERGIA,5.42
SE,03/05/2023,DIESEL S10,VIBRA ENERGIA,6.16
SE,19/04/2023,GASOLINA ADITIVADA,BRANCA,5.34
SE,27/04/2023,GNV,BRANCA,4.77
SE,26/04/2023,ETANOL,BRANCA,4.23
SE,04/05/2023,GASOLINA,BRANCA,5.26
SE,17/04/2023,GASOLINA,BRANCA,5.39
SE,27/04/2023,ETANOL,PETROX DISTRIBUIDORA,4.29
SE,17/04/2023,ETANOL,PETROX DISTRIBUIDORA,4.29
SE,19/04/2023,GASOLINA,VIBRA ENERGIA,5.3
SE,26/04/2023,GASOLINA,PETROX DISTRIBUIDORA,5.3
SE,17/04/2023,GASOLINA ADITIVADA,VIBRA ENERGIA,5.49
SE,04/05/2023,DIESEL,PETROX DISTRIBUIDORA,5.14
SE,12/04/2023,GASOLINA ADITIVADA,PETROX DISTRIBUIDORA,5.47
SE,18/04/2023,GASOLINA,PETROX DISTRIBUIDORA,5.47
SE,27/04/2023,GASOLINA,VIBRA ENERGIA,5.32
SE,04/05/2023,DIESEL S10,BRANCA,5.16
SE,17/04/2023,ETANOL,VIBRA ENERGIA,4.21
SE,27/04/2023,GNV,PETROX DISTRIBUIDORA,4.77
SE,12/04/2023,GNV,PETROX DISTRIBUIDORA,4.77
SE,11/04/2023,ETANOL,RAIZEN,4.19
SE,18/04/2023,DIESEL S10,VIBRA ENERGIA,5.89
SE,10/05/2023,ETANOL,VIBRA ENERGIA,4.35
SE,11/05/2023,GASOLINA,VIBRA ENERGIA,5.11
SE,24/05/2023,GASOLINA,PETROX DISTRIBUIDORA,4.97
SE,11/05/2023,GASOLINA ADITIVADA,VIBRA ENERGIA,5.16
SE,23/05/2023,ETANOL,VIBRA ENERGIA,4.29
SE,23/05/2023,ETANOL,BRANCA,4.15
SE,24/05/2023,ETANOL,VIBRA ENERGIA,4.34
SE,03/05/2023,GASOLINA ADITIVADA,PETROX DISTRIBUIDORA,5.29
SE,10/05/2023,DIESEL S10,PETROX DISTRIBUIDORA,5.36
SE,18/05/2023,GASOLINA,VIBRA ENERGIA,5.1
SE,18/05/2023,DIESEL,VIBRA ENERGIA,5.02
SE,10/05/2023,ETANOL,BRANCA,4.2
SE,23/05/2023,GASOLINA ADITIVADA,VIBRA ENERGIA,5.04
SE,18/05/2023,DIESEL S10,BRANCA,4.87
SE,24/05/2023,ETANOL,RAIZEN,4.29
SE,23/05/2023,GASOLINA,RAIZEN,4.99
SE,10/05/2023,GNV,VIBRA ENERGIA,4.68
SE,10/05/2023,GASOLINA ADITIVADA,VIBRA ENERGIA,5.3
SE,18/05/2023,DIESEL S10,VIBRA ENERGIA,5.25
SE,24/05/2023,ETANOL,BRANCA,4.16
SE,24/05/2023,DIESEL S10,PETROX DISTRIBUIDORA,5.12
SE,11/05/2023,GASOLINA,BRANCA,5.1
SE,18/05/2023,ETANOL,BRANCA,4.2
SE,24/05/2023,GNV,VIBRA ENERGIA,4.68
SE,10/05/2023,GASOLINA,VIBRA ENERGIA,5.2
SE,24/05/2023,ETANOL,PETROX DISTRIBUIDORA,4.33
SE,23/05/2023,ETANOL,RAIZEN,4.39
SE,23/05/2023,GASOLINA,BRANCA,4.97
SE,11/05/2023,GASOLINA,RAIZEN,5.09
SE,10/05/2023,DIESEL S10,BRANCA,5.0
SE,18/05/2023,GASOLINA ADITIVADA,BRANCA,5.15
SE,11/05/2023,GASOLINA ADITIVADA,BRANCA,5.12
SE,10/05/2023,GASOLINA,BRANCA,5.24
SE,04/05/2023,GASOLINA ADITIVADA,RAIZEN,5.5
SE,16/05/2023,GASOLINA ADITIVADA,BRANCA,5.14
SE,03/05/2023,GASOLINA,PETROX DISTRIBUIDORA,5.29
SE,16/05/2023,GASOLINA,BRANCA,5.09
SE,10/05/2023,DIESEL S10,VIBRA ENERGIA,5.6
SE,24/05/2023,DIESEL,PETROX DISTRIBUIDORA,4.69
SE,11/05/2023,DIESEL S10,VIBRA ENERGIA,4.83
SE,10/05/2023,DIESEL,VIBRA ENERGIA,4.88
SE,10/05/2023,ETANOL,RAIZEN,4.18
SE,16/05/2023,GASOLINA,VIBRA ENERGIA,5.09
SE,24/05/2023,GASOLINA,VIBRA ENERGIA,4.96
SE,10/05/2023,DIESEL,BRANCA,4.89
SE,04/05/2023,GASOLINA,RAIZEN,5.24
SE,04/05/2023,ETANOL,RAIZEN,4.29
SE,18/05/2023,GASOLINA ADITIVADA,RAIZEN,5.41
SE,16/05/2023,ETANOL,BRANCA,4.2
SE,11/05/2023,DIESEL S10,BRANCA,4.93
SE,11/05/2023,GASOLINA ADITIVADA,RAIZEN,5.14
SE,18/05/2023,GASOLINA,BRANCA,5.15
SE,18/05/2023,DIESEL,PETROX DISTRIBUIDORA,4.69
SE,23/05/2023,GASOLINA ADITIVADA,BRANCA,5.01
SE,10/05/2023,DIESEL,PETROX DISTRIBUIDORA,4.9
SE,16/05/2023,DIESEL S10,VIBRA ENERGIA,4.83
SE,18/05/2023,ETANOL,RAIZEN,4.18
SE,10/05/2023,GASOLINA,PETROX DISTRIBUIDORA,5.29
SE,16/05/2023,GASOLINA ADITIVADA,VIBRA ENERGIA,5.37
SE,10/05/2023,GASOLINA ADITIVADA,BRANCA,5.3
SE,11/05/2023,DIESEL,VIBRA ENERGIA,4.63
SE,18/05/2023,GASOLINA ADITIVADA,PETROX DISTRIBUIDORA,5.16
SE,23/05/2023,GASOLINA,VIBRA ENERGIA,4.99
SE,03/05/2023,GNV,VIBRA ENERGIA,4.73
SE,18/05/2023,DIESEL,BRANCA,4.8
SE,11/05/2023,ETANOL,VIBRA ENERGIA,4.29
SE,24/05/2023,GNV,PETROX DISTRIBUIDORA,4.68
SE,24/05/2023,GASOLINA ADITIVADA,RAIZEN,5.25
SE,18/05/2023,GNV,BRANCA,4.68
SE,23/05/2023,DIESEL,VIBRA ENERGIA,4.63
SE,18/05/2023,GASOLINA,RAIZEN,5.15
SE,16/05/2023,DIESEL,BRANCA,4.64
SE,24/05/2023,GASOLINA ADITIVADA,VIBRA ENERGIA,5.09
SE,10/05/2023,ETANOL,PETROX DISTRIBUIDORA,4.33
SE,10/05/2023,GASOLINA ADITIVADA,PETROX DISTRIBUIDORA,5.36
SE,11/05/2023,ETANOL,BRANCA,4.15
SE,16/05/2023,DIESEL,VIBRA ENERGIA,4.63
SE,18/05/2023,ETANOL,VIBRA ENERGIA,4.36
SE,18/05/2023,GASOLINA,PETROX DISTRIBUIDORA,5.12
SE,11/05/2023,DIESEL,BRANCA,4.67
SE,10/05/2023,GNV,PETROX DISTRIBUIDORA,4.68
SE,03/05/2023,GNV,PETROX DISTRIBUIDORA,4.77
SE,18/05/2023,GASOLINA ADITIVADA,VIBRA ENERGIA,5.21
SE,24/05/2023,DIESEL,VIBRA ENERGIA,4.65
SE,18/05/2023,GNV,PETROX DISTRIBUIDORA,4.68
SE,24/05/2023,DIESEL S10,VIBRA ENERGIA,5.05
SE,23/05/2023,DIESEL S10,BRANCA,4.78
SE,18/05/2023,GNV,VIBRA ENERGIA,4.68
SE,03/05/2023,ETANOL,PETROX DISTRIBUIDORA,4.29
SE,23/05/2023,DIESEL S10,VIBRA ENERGIA,4.82
SE,10/05/2023,GNV,BRANCA,4.68
SE,18/05/2023,ETANOL,PETROX DISTRIBUIDORA,4.33
SE,24/05/2023,GASOLINA,BRANCA,4.98
SE,10/05/2023,GASOLINA,RAIZEN,5.15
SE,16/05/2023,DIESEL S10,BRANCA,4.78
SE,23/05/2023,DIESEL,BRANCA,4.65
SE,16/05/2023,ETANOL,VIBRA ENERGIA,4.29
SE,10/05/2023,GASOLINA ADITIVADA,RAIZEN,5.41
SE,23/05/2023,GASOLINA ADITIVADA,RAIZEN,5.25
SE,24/05/2023,DIESEL S10,BRANCA,4.78
SE,11/05/2023,ETANOL,RAIZEN,4.39
SE,24/05/2023,GASOLINA ADITIVADA,BRANCA,4.95
SE,24/05/2023,GNV,BRANCA,4.68
SE,24/05/2023,GASOLINA ADITIVADA,PETROX DISTRIBUIDORA,4.99
SE,18/05/2023,DIESEL S10,PETROX DISTRIBUIDORA,5.14
SE,24/05/2023,GASOLINA,RAIZEN,4.99
SE,29/05/2023,DIESEL,VIBRA ENERGIA,4.63
SE,06/06/2023,ETANOL,RAIZEN,4.45
SE,06/06/2023,GASOLINA ADITIVADA,PETROX DISTRIBUIDORA,5.6
SE,06/06/2023,ETANOL,BRANCA,4.27
SE,06/06/2023,GASOLINA,BRANCA,5.33
SE,07/06/2023,DIESEL S10,VIBRA ENERGIA,4.7
SE,12/06/2023,ETANOL,PETROX DISTRIBUIDORA,4.43
SE,13/06/2023,GASOLINA,PETROX DISTRIBUIDORA,5.59
SE,07/06/2023,GASOLINA,RAIZEN,5.29
SE,31/05/2023,DIESEL S10,BRANCA,4.81
SE,14/06/2023,GASOLINA,VIBRA ENERGIA,5.59
SE,31/05/2023,GASOLINA ADITIVADA,VIBRA ENERGIA,5.12
SE,29/05/2023,GASOLINA ADITIVADA,VIBRA ENERGIA,5.05
SE,29/05/2023,GASOLINA,BRANCA,4.97
SE,15/06/2023,GASOLINA,RAIZEN,5.29
SE,06/06/2023,GNV,PETROX DISTRIBUIDORA,4.68
SE,06/06/2023,DIESEL S10,BRANCA,4.77
SE,12/06/2023,GASOLINA ADITIVADA,VIBRA ENERGIA,5.53
SE,31/05/2023,GNV,PETROX DISTRIBUIDORA,4.68
SE,31/05/2023,ETANOL,PETROX DISTRIBUIDORA,4.34
SE,06/06/2023,ETANOL,VIBRA ENERGIA,4.42
SE,13/06/2023,ETANOL,VIBRA ENERGIA,4.42
SE,31/05/2023,ETANOL,RAIZEN,4.29
SE,06/06/2023,GASOLINA,RAIZEN,5.54
SE,06/06/2023,DIESEL S10,VIBRA ENERGIA,5.07
SE,12/06/2023,GNV,PETROX DISTRIBUIDORA,4.68
SE,06/06/2023,ETANOL,PETROX DISTRIBUIDORA,4.42
SE,29/05/2023,DIESEL S10,VIBRA ENERGIA,4.82
SE,15/06/2023,GASOLINA ADITIVADA,VIBRA ENERGIA,5.22
SE,31/05/2023,GASOLINA,RAIZEN,5.09
SE,13/06/2023,GASOLINA ADITIVADA,BRANCA,5.79
SE,15/06/2023,DIESEL S10,VIBRA ENERGIA,4.66
SE,14/06/2023,DIESEL,VIBRA ENERGIA,5.09
SE,29/05/2023,GASOLINA,RAIZEN,5.09
SE,31/05/2023,DIESEL,VIBRA ENERGIA,4.65
SE,12/06/2023,DIESEL S10,BRANCA,4.79
SE,06/06/2023,DIESEL,VIBRA ENERGIA,4.65
SE,14/06/2023,ETANOL,BRANCA,4.27
SE,31/05/2023,GASOLINA,VIBRA ENERGIA,5.0
SE,29/05/2023,GASOLINA ADITIVADA,BRANCA,5.01
SE,07/06/2023,ETANOL,BRANCA,4.16
SE,12/06/2023,DIESEL S10,PETROX DISTRIBUIDORA,5.13
SE,31/05/2023,ETANOL,VIBRA ENERGIA,4.36
SE,07/06/2023,ETANOL,VIBRA ENERGIA,4.19
SE,13/06/2023,GASOLINA,VIBRA ENERGIA,5.52
SE,12/06/2023,DIESEL,PETROX DISTRIBUIDORA,4.91
SE,31/05/2023,GASOLINA,PETROX DISTRIBUIDORA,4.99
SE,13/06/2023,ETANOL,BRANCA,4.49
SE,13/06/2023,GASOLINA ADITIVADA,RAIZEN,5.64
SE,13/06/2023,ETANOL,PETROX DISTRIBUIDORA,4.49
SE,13/06/2023,GNV,VIBRA ENERGIA,4.68
SE,29/05/2023,GASOLINA,VIBRA ENERGIA,4.99
SE,06/06/2023,GASOLINA ADITIVADA,VIBRA ENERGIA,5.62
SE,12/06/2023,DIESEL S10,VIBRA ENERGIA,5.01
SE,31/05/2023,GASOLINA ADITIVADA,BRANCA,4.95
SE,13/06/2023,GASOLINA ADITIVADA,VIBRA ENERGIA,5.65
SE,07/06/2023,GASOLINA ADITIVADA,BRANCA,5.22
SE,13/06/2023,DIESEL S10,VIBRA ENERGIA,5.19
SE,07/06/2023,DIESEL,VIBRA ENERGIA,4.63
SE,14/06/2023,GASOLINA ADITIVADA,VIBRA ENERGIA,5.67
SE,31/05/2023,GASOLINA ADITIVADA,RAIZEN,5.35
SE,12/06/2023,ETANOL,VIBRA ENERGIA,4.34
SE,29/05/2023,ETANOL,RAIZEN,4.39
SE,15/06/2023,GASOLINA ADITIVADA,BRANCA,5.21
SE,07/06/2023,GASOLINA ADITIVADA,RAIZEN,5.55
SE,14/06/2023,DIESEL S10,VIBRA ENERGIA,5.19
SE,13/06/2023,GASOLINA,RAIZEN,5.38
SE,31/05/2023,ETANOL,BRANCA,4.14
SE,13/06/2023,ETANOL,RAIZEN,4.45
SE,06/06/2023,GNV,VIBRA ENERGIA,4.68
SE,31/05/2023,GASOLINA,BRANCA,5.0
SE,15/06/2023,GASOLINA,BRANCA,5.19
SE,12/06/2023,DIESEL,VIBRA ENERGIA,5.0
SE,06/06/2023,GASOLINA ADITIVADA,BRANCA,5.32
SE,12/06/2023,GASOLINA,VIBRA ENERGIA,5.46
SE,07/06/2023,GASOLINA,VIBRA ENERGIA,5.2
SE,07/06/2023,DIESEL S10,BRANCA,4.67
SE,12/06/2023,GASOLINA,PETROX DISTRIBUIDORA,5.57
SE,14/06/2023,DIESEL S10,BRANCA,4.66
SE,07/06/2023,ETANOL,RAIZEN,4.39
SE,12/06/2023,GASOLINA ADITIVADA,PETROX DISTRIBUIDORA,5.61
SE,29/05/2023,DIESEL,BRANCA,4.63
SE,31/05/2023,DIESEL S10,VIBRA ENERGIA,5.05
SE,12/06/2023,GASOLINA,BRANCA,5.62
SE,13/06/2023,GNV,PETROX DISTRIBUIDORA,4.68
SE,29/05/2023,ETANOL,BRANCA,4.15
SE,07/06/2023,GASOLINA ADITIVADA,VIBRA ENERGIA,5.25
SE,15/06/2023,DIESEL,VIBRA ENERGIA,4.63
SE,12/06/2023,DIESEL,BRANCA,4.78
SE,14/06/2023,GNV,VIBRA ENERGIA,4.68
SE,06/06/2023,GASOLINA ADITIVADA,RAIZEN,5.8
SE,15/06/2023,DIESEL S10,BRANCA,4.66
SE,29/05/2023,ETANOL,VIBRA ENERGIA,4.19
SE,06/06/2023,GASOLINA,PETROX DISTRIBUIDORA,5.57
SE,31/05/2023,DIESEL,BRANCA,4.81
SE,13/06/2023,GASOLINA ADITIVADA,PETROX DISTRIBUIDORA,5.59
SE,13/06/2023,GASOLINA,BRANCA,5.59
SE,06/06/2023,DIESEL,PETROX DISTRIBUIDORA,4.91
SE,15/06/2023,ETANOL,RAIZEN,4.39
SE,07/06/2023,GASOLINA,BRANCA,5.19
SE,06/06/2023,GNV,BRANCA,4.68
SE,31/05/2023,GNV,VIBRA ENERGIA,4.68
SE,14/06/2023,GASOLINA,BRANCA,5.59
SE,15/06/2023,GASOLINA ADITIVADA,RAIZEN,5.55
SE,06/06/2023,DIESEL S10,PETROX DISTRIBUIDORA,5.13
SE,15/06/2023,ETANOL,BRANCA,4.12
SE,14/06/2023,ETANOL,VIBRA ENERGIA,4.49
SE,15/06/2023,DIESEL,BRANCA,4.63
SE,06/06/2023,DIESEL,BRANCA,4.81
SE,29/05/2023,GASOLINA ADITIVADA,RAIZEN,5.35
SE,07/06/2023,DIESEL,BRANCA,4.63
SE,06/06/2023,GASOLINA,VIBRA ENERGIA,5.55
SE,31/05/2023,DIESEL S10,PETROX DISTRIBUIDORA,5.19
SE,15/06/2023,GASOLINA,VIBRA ENERGIA,5.19
SE,31/05/2023,GNV,BRANCA,4.68
SE,31/05/2023,GASOLINA ADITIVADA,PETROX DISTRIBUIDORA,5.01
SE,29/05/2023,DIESEL S10,BRANCA,4.78
SE,31/05/2023,DIESEL,PETROX DISTRIBUIDORA,4.77
SE,13/06/2023,DIESEL S10,BRANCA,5.29
SE,27/06/2023,GASOLINA,VIBRA ENERGIA,5.59
SE,22/06/2023,GASOLINA,PETROX DISTRIBUIDORA,5.56
SE,22/06/2023,GNV,BRANCA,4.68
SE,28/06/2023,DIESEL,PETROX DISTRIBUIDORA,4.86
SE,29/06/2023,DIESEL,BRANCA,4.63
SE,22/06/2023,ETANOL,BRANCA,4.34
SE,28/06/2023,DIESEL,BRANCA,4.63
SE,27/06/2023,GASOLINA ADITIVADA,BRANCA,5.79
SE,29/06/2023,DIESEL,VIBRA ENERGIA,4.63
SE,29/06/2023,ETANOL,BRANCA,4.12
SE,29/06/2023,GASOLINA ADITIVADA,BRANCA,5.22
SE,27/06/2023,GNV,PETROX DISTRIBUIDORA,4.68
SE,28/06/2023,GASOLINA,RAIZEN,5.59
SE,22/06/2023,GASOLINA ADITIVADA,BRANCA,5.56
SE,22/06/2023,ETANOL,PETROX DISTRIBUIDORA,4.44
SE,28/06/2023,ETANOL,VIBRA ENERGIA,4.52
SE,28/06/2023,GASOLINA ADITIVADA,VIBRA ENERGIA,5.66
SE,29/06/2023,GASOLINA ADITIVADA,RAIZEN,5.58
SE,27/06/2023,GASOLINA,PETROX DISTRIBUIDORA,5.59
SE,22/06/2023,GASOLINA,BRANCA,5.5
SE,21/06/2023,GASOLINA ADITIVADA,RAIZEN,5.55
SE,28/06/2023,DIESEL S10,VIBRA ENERGIA,4.98
SE,22/06/2023,DIESEL,BRANCA,4.65
SE,28/06/2023,GNV,BRANCA,4.68
SE,27/06/2023,DIESEL S10,BRANCA,5.19
SE,22/06/2023,GNV,PETROX DISTRIBUIDORA,4.68
SE,27/06/2023,GASOLINA ADITIVADA,PETROX DISTRIBUIDORA,5.59
SE,21/06/2023,GASOLINA,VIBRA ENERGIA,5.19
SE,29/06/2023,GASOLINA,RAIZEN,5.32
SE,21/06/2023,GASOLINA ADITIVADA,VIBRA ENERGIA,5.23
SE,22/06/2023,DIESEL S10,BRANCA,4.74
SE,29/06/2023,GASOLINA ADITIVADA,VIBRA ENERGIA,5.26
SE,22/06/2023,DIESEL S10,PETROX DISTRIBUIDORA,4.9
SE,28/06/2023,ETANOL,BRANCA,4.47
SE,22/06/2023,DIESEL,VIBRA ENERGIA,4.85
SE,27/06/2023,ETANOL,PETROX DISTRIBUIDORA,4.49
SE,29/06/2023,DIESEL S10,BRANCA,4.66
SE,28/06/2023,GNV,PETROX DISTRIBUIDORA,4.68
SE,22/06/2023,DIESEL S10,VIBRA ENERGIA,5.07
SE,27/06/2023,GASOLINA,BRANCA,5.59
SE,22/06/2023,GASOLINA,RAIZEN,5.59
SE,27/06/2023,GASOLINA ADITIVADA,VIBRA ENERGIA,5.69
SE,22/06/2023,GASOLINA ADITIVADA,RAIZEN,5.89
SE,29/06/2023,ETANOL,VIBRA ENERGIA,4.19
SE,29/06/2023,GASOLINA,BRANCA,5.19
SE,21/06/2023,GASOLINA,BRANCA,5.19
SE,28/06/2023,DIESEL S10,BRANCA,4.66
SE,28/06/2023,GASOLINA ADITIVADA,BRANCA,5.42
SE,21/06/2023,GASOLINA,RAIZEN,5.29
SE,21/06/2023,ETANOL,BRANCA,4.16
SE,28/06/2023,GASOLINA,PETROX DISTRIBUIDORA,5.54
SE,29/06/2023,GASOLINA,VIBRA ENERGIA,5.2
SE,28/06/2023,DIESEL S10,PETROX DISTRIBUIDORA,5.04
SE,22/06/2023,GNV,VIBRA ENERGIA,4.68
SE,29/06/2023,ETANOL,RAIZEN,4.29
SE,22/06/2023,ETANOL,VIBRA ENERGIA,4.44
SE,22/06/2023,GASOLINA ADITIVADA,PETROX DISTRIBUIDORA,5.6
SE,21/06/2023,DIESEL S10,VIBRA ENERGIA,4.66
SE,28/06/2023,GASOLINA,BRANCA,5.37
SE,28/06/2023,GNV,VIBRA ENERGIA,4.68
SE,22/06/2023,GASOLINA,VIBRA ENERGIA,5.53
SE,28/06/2023,ETANOL,RAIZEN,4.45
SE,21/06/2023,DIESEL S10,BRANCA,4.67
SE,27/06/2023,GNV,VIBRA ENERGIA,4.68
SE,22/06/2023,ETANOL,RAIZEN,4.45
SE,21/06/2023,GASOLINA ADITIVADA,BRANCA,5.22
SE,27/06/2023,ETANOL,BRANCA,4.49
SE,28/06/2023,ETANOL,PETROX DISTRIBUIDORA,4.42
SE,21/06/2023,ETANOL,VIBRA ENERGIA,4.19
SE,21/06/2023,DIESEL,VIBRA ENERGIA,4.63
SE,28/06/2023,DIESEL,VIBRA ENERGIA,4.93
SE,22/06/2023,DIESEL,PETROX DISTRIBUIDORA,4.61
SE,28/06/2023,GASOLINA ADITIVADA,PETROX DISTRIBUIDORA,5.62
SE,21/06/2023,DIESEL,BRANCA,4.63
SE,28/06/2023,GASOLINA,VIBRA ENERGIA,5.57
SE,27/06/2023,ETANOL,VIBRA ENERGIA,4.49
SE,22/06/2023,GASOLINA ADITIVADA,VIBRA ENERGIA,5.61
SE,29/06/2023,DIESEL S10,VIBRA ENERGIA,4.68
SE,28/06/2023,GASOLINA ADITIVADA,RAIZEN,5.86
